product_id,product_name,url
100314,Women's Wedding Ring Happiness Drops 5 mm,https://www.glamira.ie/womens-ring-happiness-drops-5-mm.html?alloy=white-silber&keyword=&matchtype=&gclid=CjwKCAjw8df2BRA3EiwAvfZWaA9tsUsxEbQpR7vRb9vEXStWaOTZJ16nccgC91eEEJeB7fcljG2rmRoCcTsQAvD_BwE
103058,Women's Anklet Yaricelly,https://www.glamira.ie/glamira-anklet-yaricelly.html?keyword&matchtype&fbclid=IwAR2OwhL4orDMuH1dD9IOv4le08s825UKhnGBAhiBJPKaSBNsuQ7szeN9mVg
92708,Men's Ring Classic Fame 3 mm,https://www.glamira.ie/mens-ring-classic-fame-3-mm.html?keyword&matchtype&fbclid=IwAR13HXFyZwq2kro1HEUX8pyEGd-uujryPZ3lqEjshx6Ijqsm9cWBldE-V8g&alloy=white-585
97816,Engagement Ring Kabena,https://www.glamira.ie/glamira-ring-kabena.html?fbclid=IwAR2wAsiW7k3yKQv52pTuj_OTXMPw_atoIelp99HiSoCRVBCO0MCdpDnvoJE
107901,Nhẫn cưới Endless Love 5 mm,https://www.glamira.vn/endless-love-5-mm.html?alloy=white-585
99842,Bông tai nữ Majella,https://www.glamira.vn/glamira-earring-majella.html?alloy=white-750&diamond=diamond-Brillant&stone2=diamond-Brillant
101576,Kid's Earring Eilonwy,https://www.glamira.ie/glamira-kids-eilonwy.html?alloy=red-375&keyword=&matchtype=&gclid=CjwKCAjwt-L2BRA_EiwAacX32bP4sJzN_yXOh84bA_v0vFv9JbMhrF9-v5GY7990LmVxPe6-ROpXXBoChQQQAvD_BwE&diamond=aquamarine
104177,GLAMIRA Ring Jadora,https://www.glamira.ie/glamira-ring-jadora.html?keyword&matchtype&fbclid=IwAR3E_p12MTmIoi8HQC_IIxdIC0dsW1ItteWfnkCm6Q9_wUoz8By3W-skRww
87719,Nhẫn cưới Sense Energy,https://www.glamira.vn/sense-energy.html?alloy=yellow-750&gclid=CjwKCAjwt-L2BRA_EiwAacX32dGnizTwljV4CPdAYUnCk9d8tTbJNwqtb9qE2YzldTAMr5LDIVlKRhoCfJkQAvD_BwE
102489,Women's Bracelet Willow,https://www.glamira.ie/glamira-bracelet-willow.html?keyword&matchtype&fbclid=IwAR3KkXsmyHJrVsJTy9V8h0lR2ZHF9GWFb2akQpgEXI9dda6_O9IsNQ1BQp8
92252,Nhẫn đính hôn Queen,https://www.glamira.vn/nhan-glamira-queen.html?diamond=ruby&alloy=yellow_white-750&gclid=CjwKCAjwt-L2BRA_EiwAacX32ZdLIXTx-PDYrY4mV-cP-VKsa9szHM8JHLLXrEoYNrK5peImvsQWZBoCRBEQAvD_BwE
91761,GLAMIRA Ring Perlina,https://www.glamira.ie/glamira-ring-perlina.html?itm_source=recommendation&itm_medium=sorting&pearl=white_pearl&alloy=yellow-750&diamond=diamond-Brillant
94889,Men's Wedding Ring Brilliant Set 6mm,https://www.glamira.ie/men-s-ring-brilliant-set-6mm.html?keyword=&matchtype=&gclid=CjwKCAjwt-L2BRA_EiwAacX32XbFYD289N-PosHxhXF4bslopfGwcs0IPsylYZtU2E5YcwqHpNuqNBoCQ1QQAvD_BwE&alloy=white-750
96609,GLAMIRA Ring Armanie,https://www.glamira.ie/glamira-ring-armanie.html?diamond=ruby
101894,GLAMIRA Ring Miandra,https://www.glamira.ie/glamira-ring-miandra.html?alloy=white_red-375
103139,GLAMIRA Ring Etheldra,https://www.glamira.ie/glamira-ring-etheldra.html?alloy=yellow-585&diamond=pinksapphire&stone2=diamond-Swarovsky&itm_source=recommendation&itm_medium=sorting
101855,GLAMIRA Ring Jakalyn,https://www.glamira.ie/glamira-ring-jakalyn.html?alloy=red-375
101885,GLAMIRA Ring Mersadie,https://www.glamira.ie/glamira-ring-mersadie.html?alloy=white_red-375
98036,Bông tai nữ Amedee,https://www.glamira.vn/bong-tai-glamira-amedee.html?alloy=white-platin&diamond=emerald&stone2=diamond-Brillant
106135,Women's Wedding Ring Exotic Balance,https://www.glamira.ie/womens-ring-exotic-balance.html?alloy=white-silber&keyword=&matchtype=&gclid=CjwKCAjwt-L2BRA_EiwAacX32VTK6QYruhn25zafmVJB4r3_PqHzsPGmcHjzceWhOBk0gz2Z_fGE_RoC_4wQAvD_BwE
101866,GLAMIRA Ring Jelisa,https://www.glamira.ie/glamira-ring-jelisa.html?alloy=white_red-375
101849,GLAMIRA Ring Anjali,https://www.glamira.ie/glamira-ring-anjali.html?alloy=red-375
104050,Bông tai nữ Mikuela,https://www.glamira.vn/glamira-earring-mikuela.html?alloy=white-platin&diamond=emerald
101864,GLAMIRA Ring Jeilarie,https://www.glamira.ie/glamira-ring-jeilarie.html?fbclid=IwAR3LyKHpSwY0F_H6dvqTBs_NGIcEnOXOEx5Li20PwRakZfFxOoM8n6HRdtU
95694,GLAMIRA Earring Circulo,https://www.glamira.ie/glamira-earring-circulo.html?alloy=yellow-585&fbclid=IwAR0NVyhagEXUolHjCVAQuZd_h-nOROpenlKogO9rJQrFwArwXVH94I7j-V4
101851,GLAMIRA Ring Jahmelis,https://www.glamira.ie/glamira-ring-jahmelis.html?alloy=white_red-375
98444,GLAMIRA Ring Mahamonina,https://www.glamira.ie/glamira-ring-mahamonina.html?alloy=white_red-375
103102,Engagement Ring Alazre,https://www.glamira.ie/glamira-ring-alazre.html?alloy=yellow-585&diamond=pinksapphire&itm_source=recommendation&itm_medium=sorting&stone2=diamond-Brillant&fbclid=IwAR1AySxhntuZJS2GAba-_eu80hIl0ClAWXr3zbMMF5hnG0-j7gzsCz5qXzk
101882,GLAMIRA Ring Melisenda,https://www.glamira.ie/glamira-ring-melisenda.html?keyword&matchtype&fbclid=IwAR2psJaY6XVDeGpLz_VI0k82UVl3NP-1eFz5AtpLDI6gRhH4zg1N0rL2M4E
103463,Engagement Ring Bernie,https://www.glamira.ie/glamira-ring-bernie.html?stone3=diamond-Brillant&fbclid=IwAR3vsAB1MpdBNKSWTfXwdbLVt0VSFH_EXN7Fh_5QLDJLTE8lI1XkIRhW08s
96692,GLAMIRA Earring Kubus,https://www.glamira.ie/glamira-earring-kubus.html?alloy=yellow-585
97503,GLAMIRA Earring Laterem,https://www.glamira.ie/glamira-earring-laterem.html?alloy=yellow-585
96816,Nhẫn cưới Amazing Dimension Basic,https://www.glamira.vn/amazing-dimension.html?alloy=white-silber&stone=diamond-Brillant
104656,Pure Valentine 3 mm,https://www.glamira.vn/pure-valentine-3-mm.html?alloy=white-silber&stone=diamond-Zirconia
105089,Nhẫn cưới Pure Way 4 mm,https://www.glamira.vn/pure-way-4-mm.html?alloy=white_yellow-silber_375&stone=diamond-Zirconia
90408,GLAMIRA Earring Lalita,https://www.glamira.ie/glamira-earring-lalita.html?alloy=yellow-585
105176,Nhẫn cặp Passionate Waiting 4 mm,https://www.glamira.vn/passionate-waiting-4-mm.html?alloy=white_red-375&stone=diamond-Zirconia
92451,Women's Earring Rossella,https://www.glamira.ie/glamira-earring-rossella.html
96693,GLAMIRA Earring Lottie,https://www.glamira.ie/glamira-earring-lottie.html?alloy=yellow-585
104236,Women's Pendant Armetrice,https://www.glamira.ie/glamira-pendant-armetrice.html?alloy=white-585&diamond=tanzanite&keyword=&matchtype=&gclid=EAIaIQobChMI-tWm9u_n6QIVmK3tCh16MQ3NEAYYCCABEgKvrfD_BwE
96503,Nhẫn cưới Alluring Balance 3 mm,https://www.glamira.vn/alluring-balance-3-mm.html?alloy=white-silber&stone=diamond-Zirconia
98251,Engagement Ring Bernarda,https://www.glamira.ie/glamira-ring-bernarda.html?alloy=white-375&diamond=diamond-sapphire&stone2=diamond-sapphire&fbclid=IwAR2L44a4FBiXL8I-Z5uclFFAzpuocTCOchqS1EULQ9au85r7eP7Xytinzek
90934,Engagement Ring Penthe 0.25 crt,https://www.glamira.ie/glamira-ring-penthe-0.25crt.html?stone2=diamond-Brillant&alloy=white-750
105871,Nhẫn cưới Unique Way 4 mm,https://www.glamira.vn/unique-way-4-mm.html?stone=diamond-Brillant&alloy=white_red-585
103088,Engagement Ring Merollia,https://www.glamira.ie/glamira-ring-merollia.html?stone2=diamond-Swarovsky&alloy=yellow-585&diamond=topaz-Blue&keyword=&matchtype=&gclid=CjwKCAjwt-L2BRA_EiwAacX32fa_YPAJhONjrvxWo8PKzqcFr4tNDe0NeRY84VgaGsdag2FSFHxLGBoCepkQAvD_BwE
110648,GLAMIRA Ring Misha,https://www.glamira.ie/glamira-ring-misha.html?keyword&matchtype&fbclid=IwAR0Cw9qlCCKfeDMiQPvoYv3qBgsc5DsN2diUhwPIjfwl5QlffRjjEMXCSw8
95664,GLAMIRA Pendant Triangulo,https://www.glamira.ie/glamira-pendant-triangulo.html?keyword&matchtype&fbclid=IwAR2L1YImNa1U4CXgfG3IsS_IQ5pPAsK6Klkcy6f90DcKBL85sskzWsHX4sM
92831,Nhẫn Nam Classic Fortune 9mm,https://www.glamira.vn/nhan-nam-classic-fortune-9mm.html?alloy=white-750&gclid=CjwKCAjwt-L2BRA_EiwAacX32cWVRkC9RdfVggj9NN7gwxfRB1jPWkB9EJ3nTvEyWkPOFMGSZTFD3xoCs4YQAvD_BwE
92216,Nhẫn đính hôn Nery,https://www.glamira.vn/nhan-glamira-nery.html?diamond=diamond-Swarovsky&alloy=red-375&gclid=CjwKCAjwt-L2BRA_EiwAacX32ZdzW7I6YTxIKPKnyF0FuU_wzOeWOEemggCee8OMihc6HTLjufbxfxoCGIMQAvD_BwE
92889,Classic Tour 3mm,https://www.glamira.ie/classic-tour-3mm.html?keyword&matchtype&fbclid=IwAR0vdOKe6RvFr9ctplfyGjqKliN0bdHX1eT4lKy1_k3wuadM8OapT4HaMbQ&alloy=white-375
99988,Nhẫn đính hôn Girona,https://www.glamira.vn/glamira-ring-girona.html?alloy=white-platin&diamond=yellowdiamond&stone2=diamond-Brillant&stone3=diamond-Swarovsky
91162,Women's Necklace Seraphic,https://www.glamira.ie/glamira-angel-pendant-seraphic.html?alloy=yellow-750&diamond=diamond-Brillant
89565,Women's Necklace Bessie,https://www.glamira.ie/glamira-necklace-bessie.html?alloy=white-585&diamond=diamond-Brillant
105873,Nhẫn cưới Unique Way 6 mm,https://www.glamira.vn/unique-way-6-mm.html?alloy=red_white-375&stone=diamond-Zirconia
92391,Engagement Ring Berdina,https://www.glamira.ie/glamira-ring-berdina.html?itm_source=recommendation&itm_medium=sorting&stone3=blackdiamond&fbclid=IwAR1GqUUMSUAcKCbri9iJnn9zEWB9h_PGyhENyiyi30K8P6aH4zAfvd8T9JI
97458,Women's Bracelet Fernereso,https://www.glamira.ie/glamira-bracelet-adalia.html?fbclid=IwAR2_OH-uzNVeDaYhM0OuJO3zKNCmN4YBJ-U1oXo99YHRFnosn4aIl4HTq5Y
101644,Kid's Earring Dalita,https://www.glamira.ie/glamira-kids-dalita.html?alloy=white-585&diamond=diamond-sapphire&keyword=&matchtype=&gclid=EAIaIQobChMIt_X0xabe6QIVkoR7Ch3P0wRBEAEYASACEgLPPfD_BwE
107732,Wedding Ring Alluring Twist 4 mm,https://www.glamira.ie/alluring-twist-4-mm.html?itm_source=recommendation&itm_medium=sorting&stone=bluediamond&fbclid=IwAR0IwUOdnRPTKYYlJXcdIt9C34bdGkW8SpmSSMhyMmY8DwzlCeaWY7qndbY&alloy=white-585
92953,Classic Tune 3 mm,https://www.glamira.ie/classic-tune-3-mm.html?alloy=yellow-375&alloy=yellow-375
107706,Nhẫn Nam Brilliant Love 10 mm,https://www.glamira.vn/nhan-nam-brilliant-love-10-mm.html?alloy=yellow-585&gclid=EAIaIQobChMIjqWCwufn6QIVFayWCh0RbAadEAQYAiABEgLZxPD_BwE
108124,Nhẫn cưới nữ Charismatic Beauty 5 mm,https://www.glamira.vn/nhan-nu-charismatic-beauty-5-mm.html?alloy=white-585&gclid=CjwKCAjwt-L2BRA_EiwAacX32Yhv6Kx2XJbYbkOaPY-4BiVau43NIulde3zKRuoRzEb_Bu-A3SG3bRoCBa0QAvD_BwE
91218,Cufflink Primerio,https://www.glamira.ie/glamira-cufflink-primerio.html?keyword&matchtype&fbclid=IwAR08k051K1Vai-0afMzkBAPGej2l5FdVuH2qtFuGpx2LMp7kzPmqGVf7eg8
95944,Nhẫn cưới Alluring Rule 4 mm,https://www.glamira.vn/alluring-rule-4-mm.html?alloy=white_red-375&stone=diamond-Brillant
99792,Women's Bracelet Vanern,https://www.glamira.ie/glamira-bracelet-vanern.html?fbclid=IwAR3xvhqD2qpCxtSsyojnRFXdHJnIW83rWgVD-R9Iawq-2VPJljrNSAczKUs
93530,Men's Ring Classic Power 3mm,https://www.glamira.ie/mens-ring-classic-power-3mm.html?alloy=white-375
105539,Nhẫn cưới nam Mystic Swirl 5 mm,https://www.glamira.vn/nhan-nam-mystic-swirl-5-mm.html?alloy=white-palladium
96809,GLAMIRA Necklace Lüliti,https://www.glamira.ie/glamira-pendant-luliti.html?alloy=white-585
92997,Nhẫn cưới Classic Story 5 mm,https://www.glamira.vn/classic-story-5-mm.html?alloy=yellow-585&gclid=EAIaIQobChMIppHxrd_n6QIVBw4rCh2yYAIaEA0YAiABEgI4gPD_BwE
84866,Engagement Ring Ruby,https://www.glamira.ie/glamira-ring-ruby-skug100460.html?fbclid=IwAR1HCiZBeysZyQCaseCmjmDD9Je5BrQSNdXs5ppbIZs_7ddjlqky_XcZNT0
99840,Bông tai nữ Maible,https://www.glamira.vn/glamira-earring-maible.html?alloy=yellow_white-585&diamond=bluediamond&stone2=diamond-Brillant
98123,Bông tai nữ Ancelin,https://www.glamira.vn/bong-tai-glamira-ancelin.html?alloy=red_white-585&diamond=diamond-Brillant
109522,Women's Pendant Udonis,https://www.glamira.ie/glamira-pendant-udonis.html?diamond=bluediamond&alloy=white-platin
99951,GLAMIRA Pendant Soledad,https://www.glamira.ie/glamira-pendant-soledad.html?alloy=red_white-585
91291,Nhẫn cưới nam Ornate Chic,https://www.glamira.vn/nhan-nam-ornate-chic.html?gclid=CjwKCAjwt-L2BRA_EiwAacX32bi6_dDYK5mnUmP4s8hWZ738cZsS0uYQXBTJ0Is_IvNtN9wxNQGxExoCzAkQAvD_BwE&alloy=yellow-375
92359,Engagement Ring Maya 0.16 crt,https://www.glamira.ie/glamira-ring-maya-0.16-crt.html?keyword&matchtype&fbclid=IwAR3g1K-KgkYrd1cRCbUs6wrD2MGoM939-1jxodkss6G9zdyVNvl18au5pHM
103957,Women's Necklace Remedios,https://www.glamira.ie/glamira-pendant-remedios.html?alloy=white-platin&diamond=ruby&stone2=diamond-sapphire
102670,Bông tai nữ Lianelis Ø8 mm,https://www.glamira.vn/glamira-earring-lianelis-8-mm.html?alloy=white-585&diamond=diamond-Brillant&pearl=red_pearl&utm_source=recommendation&utm_medium=sorting
109830,Women's Pendant Keila,https://www.glamira.ie/glamira-pendant-keila.html?alloy=white-platin&diamond=diamond-Brillant&stone2=diamond-Swarovsky
102934,Bông tai nữ Nikerria 4 crt,https://www.glamira.vn/glamira-earring-nikerria-4-crt.html?alloy=red-750&diamond=blackdiamond
102692,Bông tai nữ Lajoya Ø8 mm,https://www.glamira.vn/glamira-earring-lajoya-8-mm.html?alloy=white-585&diamond=diamond-Brillant&pearl=white_pearl&stone2=diamond-Brillant&utm_source=recommendation&utm_medium=sorting
92613,Men's Wedding Ring Classic Way 4mm,https://www.glamira.ie/mens-ring-classic-way-4mm.html?keyword&matchtype&fbclid=IwAR0BmlGgjMoF9CJZZDjyCh6kLKmtasSHntsT-Z9YgNuarSCZKaO0fIPl4qU&alloy=yellow-750
92039,Bông tai nữ Purisima,https://www.glamira.vn/bong-tai-glamira-purisima.html?alloy=white-375&diamond=diamond-Brillant&pearl=white_pearl&utm_source=recommendation&utm_medium=sorting
104999,Nhẫn cưới Golden Aura 5 mm,https://www.glamira.vn/golden-aura-5-mm.html?alloy=white_red-585
89517,Cufflink VIP,https://www.glamira.ie/glamira-cufflink-vip.html?keyword&matchtype&fbclid=IwAR3x_zm6Kx13Y9LfkOjZQztqZ6wSVerc5v0Bm0nK3Xdemmq4xZMiHf-vbQk
92087,Bông tai nữ Traudel,https://www.glamira.vn/bong-tai-glamira-traudel.html?alloy=white-750&diamond=diamond-Brillant&pearl=white_pearl&utm_source=recommendation&utm_medium=sorting
101017,Vòng Tay GLAMIRA Deventer,https://www.glamira.vn/glamira-bracelet-deventer.html?alloy=white-platin#main-mobile-menu
92437,Bông tai nữ Nora,https://www.glamira.vn/bong-tai-glamira-nora.html?alloy=white-silber&diamond=blackdiamond
102906,Bông tai nữ Hardika 1.0 crt,https://www.glamira.vn/glamira-earring-hardika-1.0-crt.html?alloy=white-585&diamond=blackdiamond
90498,Nhẫn cưới Immortal Glitter Basic,https://www.glamira.vn/immortal-glitter-basic.html?alloy=yellow_white_red-750&gclid=CjwKCAjwt-L2BRA_EiwAacX32bZLeNmUtbMNGZ-IPFd6SXkmSyPFs0jwICMh8f-QbNvun8LPhggSFBoCffgQAvD_BwE
102899,Nhẫn GLAMIRA Liomar Ø6 mm,https://www.glamira.vn/nhan-glamira-liomar-6-mm.html?alloy=white-585&pearl=white_pearl
103313,Nhẫn đính hôn Monera,https://www.glamira.vn/glamira-ring-monera.html?alloy=white-585&diamond=pink-tourmaline&stone2=diamond-Swarovsky&stone3=diamond-Brillant
103347,Nhẫn GLAMIRA Malison,https://www.glamira.vn/glamira-ring-malison.html?alloy=white-585&diamond=diamond-Brillant&stone2=diamond-Brillant
98207,Bông tai nữ Vania,https://www.glamira.vn/bong-tai-glamira-vania.html?alloy=white_red-585&diamond=diamond-sapphire
97925,Wedding Ring Unique Luxury 4 mm,https://www.glamira.ie/unique-luxury-4-mm.html?alloy=white-375&stone=diamond-Zirconia
99226,Nhẫn Nam Embrace Night 10 mm,https://www.glamira.vn/nhan-nam-embrace-night-10-mm.html?alloy=yellow_white-375&gclid=Cj0KCQjwlN32BRCCARIsADZ-J4tX6JSUZ_NvQLWclwZFaR0eh1ptOPYrw5fRLOUmWOrx-LSbiP1j1dEaApe3EALw_wcB
92175,Nhẫn đính hôn Bonita 0.8 crt,https://www.glamira.vn/nhan-glamira-bonita-0.8-crt.html?diamond=opal&alloy=white-palladium&gclid=EAIaIQobChMI7e75s8bn6QIVyW4qCh2PCgHGEAQYBSABEgIcP_D_BwE
92167,Nhẫn đính hôn Alasha 1.0 crt,https://www.glamira.vn/nhan-glamira-alasha-1.0-crt.html?diamond=morganite&alloy=white-585&gclid=Cj0KCQjwlN32BRCCARIsADZ-J4trcVI8hR_eX16XFhvAbJR2qwSkn3e0bUkgxx2nkQARCZlllE3Oa0UaAjGhEALw_wcB
103251,Nhẫn GLAMIRA Josanne,https://www.glamira.vn/glamira-ring-josanne.html?alloy=white-585&diamond=diamond-Brillant&stone2=diamond-Brillant
99547,Hoa tai nam Bardoul,https://www.glamira.vn/glamira-men-earring-bardoul.html?alloy=white-375&stone2=cabochon-Onyx&diamond=ruby
101830,Nhẫn nữ Silver & Diamonds Dream,https://www.glamira.vn/nhan-nu-silver-&-diamonds-dream.html?stone=diamond-Zirconia
92308,Nhẫn đính hôn Effie 0.1 crt,https://www.glamira.vn/nhan-glamira-effie-0.1-crt.html?alloy=white_red-375&diamond=diamond-Brillant
100697,Kid's Earring Savarin,https://www.glamira.ie/glamira-kids-savarin.html?alloy=white-585&keyword=&matchtype=&gclid=EAIaIQobChMIrpuY2rbn6QIVCSHTCh2ydQc-EAEYASAFEgLtNvD_BwE
90280,Engagement Ring Odelia,https://www.glamira.ie/glamira-ring-odelia.html?keyword&matchtype&fbclid=IwAR0S03wK09aCeLmluUqJOJqEoWL0uN0lnBTmcb2SyGcPhEyz13KFPEgNoHk
110229,Women's Bracelet Andree,https://www.glamira.ie/glamira-bracelet-andree.html?keyword&matchtype&fbclid=IwAR0pues89A9nVewoUx9U74DJ5Ri-ho1ADQW-UMJn2dBZMwyLqINDPTfqJcY
103323,Nhẫn đính hôn Alvisha,https://www.glamira.vn/glamira-ring-alvisha.html?stone2=diamond-Swarovsky&alloy=white-silber&diamond=aquamarine&gclid=Cj0KCQjwlN32BRCCARIsADZ-J4umo0MtJsV81oWNGyLgM3a30ERvf6r_XzXCtwDx-bUo6dRweiCCv24aAsJwEALw_wcB
99832,Bông tai nữ Jeslyn,https://www.glamira.vn/glamira-earring-jeslyn.html?alloy=white-750&diamond=diamond-sapphire&stone2=diamond-sapphire&itm_source=recommendation&itm_medium=sorting
109855,Bông tai nữ Janika,https://www.glamira.vn/glamira-earring-janika.html?alloy=white-750&diamond=diamond-Brillant&stone2=diamond-Swarovsky&itm_source=recommendation&itm_medium=sorting
92242,Nhẫn đính hôn Anita 1.0 crt,https://www.glamira.vn/nhan-glamira-anita-1.0-crt.html?diamond=sapphire&alloy=yellow_white-375&gclid=EAIaIQobChMIstbehq3n6QIVRRvgCh0rUQoLEAEYASADEgLwdfD_BwE
104416,Nhẫn nam Levente,https://www.glamira.vn/glamira-ring-levente.html?alloy=white_red-750&diamond=blackdiamond&itm_source=recommendation&itm_medium=sorting
107595,Nhẫn Nam Authentic Line 10 mm,https://www.glamira.vn/nhan-nam-authentic-line-10-mm.html?alloy=white-585&gclid=EAIaIQobChMIiOaCuZvn6QIVTHRgCh0bCAMuEAQYAiABEgL0yfD_BwE
100264,Nhẫn Nam Sensual Night 10 mm,https://www.glamira.vn/nhan-nam-sensual-night-10-mm.html?alloy=white-750&gclid=Cj0KCQjwlN32BRCCARIsADZ-J4ualiK0zLDugsyqQguainZzh1CS1sbXTy2aCH1s9H4-4NfQQW08nq0aAp2fEALw_wcB
92870,Classic Aim 2 mm,https://www.glamira.vn/classic-aim-2-mm.html?alloy=white-platin&stone=diamond-Brillant&itm_source=recommendation&itm_medium=sorting
92868,Nhẫn Nam Classic Balance 9 mm,https://www.glamira.vn/nhan-nam-classic-balance-9-mm.html?alloy=yellow-375&gclid=EAIaIQobChMI-Zz-x4nn6QIVBxdgCh2_KgckEAkYASABEgKiifD_BwE
93569,Nhẫn Nam Classic Progress 7mm,https://www.glamira.vn/nhan-nam-classic-progress-7mm.html?alloy=yellow-375&gclid=EAIaIQobChMI6_L7wYrn6QIV1SMrCh0bdQ3_EAQYAyABEgJOd_D_BwE
102811,Dây chuyền nữ Letriana Ø6 mm,https://www.glamira.vn/glamira-pendant-letriana-6-mm.html?alloy=white-585&diamond=diamond-Brillant&pearl=white_pearl&itm_source=recommendation&itm_medium=sorting
91781,Nhẫn GLAMIRA Shell,https://www.glamira.vn/nhan-glamira-shell.html?alloy=white-585&diamond=diamond-Brillant&pearl=white_pearl&itm_source=recommendation&itm_medium=sorting
102443,Vòng tay nữ Dilbash,https://www.glamira.vn/glamira-bracelet-dilbash.html?alloy=white-silber&diamond=blackdiamond&stone2=diamond-Brillant&itm_source=recommendation&itm_medium=sorting
106362,Nhẫn cưới nữ Secret Garden 8 mm,https://www.glamira.vn/nhan-nu-secret-garden-8-mm.html?alloy=red-750
92174,Nhẫn đính hôn Bonita,https://www.glamira.vn/nhan-glamira-bonita.html?diamond=topaz-mystic&alloy=yellow_white-750&gclid=EAIaIQobChMIk_WH54Dn6QIVi1VgCh3GMgeAEAQYAiABEgK7tvD_BwE
101444,GLAMIRA Anillo Aretina,https://www.glamira.com.uy/glamira-knuckle-ring-aretina.html
103041,Lắc chân nữ Yasiris,https://www.glamira.vn/glamira-anklet-yasiris.html?alloy=white-585&diamond=diamond-sapphire
109364,Nhẫn cưới nam Essential Luck 5 mm,https://www.glamira.vn/nhan-nam-essential-luck-5-mm.html?alloy=white-585&gclid=Cj0KCQjwlN32BRCCARIsADZ-J4sj7IvGKbgB2FrEJQeMXPenPn3NaoNamRD2aXTtl3hRVi3-ooQl5OQaAoCUEALw_wcB
90481,Men's Wedding Ring Immortal Charm,https://www.glamira.ie/men-s-ring-immortal-charm.html?keyword&matchtype&fbclid=IwAR14ylMoc02DFpGFdgHxc5wCuYq2MPQ4s9zSRtNoAZcwdUf59eCUwtjONbE&alloy=white-585
104770,Men's Wedding Ring Sense Tear 6 mm,https://www.glamira.ie/men-s-ring-sense-tear-6-mm.html?itm_source=recommendation&itm_medium=sorting&fbclid=IwAR16pQ_VdL7PUwosOKNogP3kiEC782ycDNBxGLcG0kze0XXp8_SwypNIrjo&alloy=red-585
106567,Charming Touch 8 mm,https://www.glamira.vn/charming-touch-8-mm.html?alloy=red-585&gclid=Cj0KCQjwlN32BRCCARIsADZ-J4uj8AT42MfXR0I7QhPkbF9RxTQciC-hZRxI1qXPkGVDaJBuiKmHp4oaAgcVEALw_wcB
97434,Women's Pendant Tusemen,https://www.glamira.ie/glamira-pendant-mirena.html?itm_source=recommendation&itm_medium=sorting&alloy=yellow-750&diamond=diamond-sapphire
87726,Nhẫn cưới nam Sense Energy,https://www.glamira.vn/nhan-nam-sense-energy.html?alloy=white_red-375
110616,Women's Pendant Cristi,https://www.glamira.ie/glamira-pendant-cristi.html?alloy=yellow-375&diamond=emerald&stone2=diamond-sapphire&itm_source=recommendation&itm_medium=sorting
101693,Kid's Earring Comilla,https://www.glamira.ie/glamira-kids-comilla.html?fbclid=IwAR1Vg4kVqykEEe4pO6ffE7uVfT-KMgrdDX3BXlCfjsM4I5y77y6dOKW7jiE
98100,Women's Earring Nazaria,https://www.glamira.ie/glamira-earring-nazaria.html?alloy=yellow_white-585&diamond=citrine&stone2=diamond-Brillant&itm_source=recommendation&itm_medium=sorting
103122,Engagement Ring Brosia,https://www.glamira.ie/glamira-ring-brosia.html?alloy=white-585&diamond=diamond-Brillant&stone2=diamond-Brillant
94771,"GLAMIRA - Your Online Shop for Gold, Diamond and Wedding Jewellery",https://www.glamira.com.ua/men-s-ring-alluring-faith-10mm.html?fbclid=IwAR0TNfAibQ41lY1gO9oz3_OZ0kdZmPDoXvLSeV9K-1hepgx2qKUC3AGh1TY&alloy=red-585
105762,"GLAMIRA - Your Online Shop for Gold, Diamond and Wedding Jewellery",https://www.glamira.com.ua/strong-light-6-mm.html?fbclid=IwAR0179PJ-FkRhZWx_kubpwNsK2DslZEqSPrtAHefgusdLt4deeGLcmdtO6g&alloy=red-585
93347,"GLAMIRA - Your Online Shop for Gold, Diamond and Wedding Jewellery",https://www.glamira.com.ua/classic-mood-7mm.html?fbclid=IwAR24X6F6GVzf3qS47R_-c2-N_GOPIowyQoHuXffW1eFTTHyDj3bKjPbYTB8&alloy=yellow-750
103004,Women's Anklet Abragella,https://www.glamira.ie/glamira-anklet-abragella.html?alloy=white-585&diamond=diamond-sapphire&keyword=&matchtype=&gclid=Cj0KCQjwlN32BRCCARIsADZ-J4uTuAQWheIm2NiiHFnis-eVfhU_77FDGvZPqZhPQYUKnw8iG_wYDOAaAtjiEALw_wcB
104365,Women's Pendant Doane,https://www.glamira.ie/glamira-pendant-doane.html?fbclid=IwAR2q03G9agrJsnS9PKKZdc0Elfg48UcpHewjRqVBb0JI6jrusAX7wrCU0zI
106687,Wedding Ring Gorgeous Life 4 mm,https://www.glamira.ie/gorgeous-life-4-mm.html?fbclid=IwAR1_bn5IpI2EvM7gPqwxOQ952dG2yp8X0Orx0a1HdZuoQypaV5VRwHa0xtc&alloy=red-585
106696,Gorgeous Life 8 mm,https://www.glamira.ie/gorgeous-life-8-mm.html?stone=diamond-Zirconia&itm_source=recommendation&itm_medium=sorting&alloy=white-585
98953,"GLAMIRA - Your Online Shop for Gold, Diamond and Wedding Jewellery",https://www.glamira.com.ua/herrenring-alluring-surprise-4-mm.html?stone=diamond-Brillant&fbclid=IwAR3eSAt6SF9zPBh99GMzlzuIWRz4m7_Nk2whShtga0EeWSjRAoHgIwpU6II&alloy=white_yellow-585
87207,"GLAMIRA - Your Online Shop for Gold, Diamond and Wedding Jewellery",https://www.glamira.com.ua/pure-clever.html?fbclid=IwAR1UpjezflQpaUl8LpQG_NSukYVNrwfRN1omIdXxGcN_wWYfdl20el2aFzM&alloy=white-375
92991,Classic Story 3 mm,https://www.glamira.ie/classic-story-3-mm.html?alloy=white-375&stone=diamond-Zirconia&itm_source=recommendation&itm_medium=sorting
87252,Wedding Ring Pure Retrieve,https://www.glamira.ie/pure-retrieve.html?stone=diamond-Zirconia&itm_source=recommendation&itm_medium=sorting&fbclid=IwAR371TZYvFphUdvTKQ77WOfOLSkkdovxQD9d6ORjpmgLY5kgc-mG2p7zMBQ&alloy=white_yellow-375
105501,Men's Wedding Ring Sensual Glorious 4 mm,https://www.glamira.ie/men-s-ring-sensual-glorious-4-mm.html?stone=none&fbclid=IwAR3500XfaSjcGDNiX3Ngu9j6qzeQ3aaDqh_BIJvdeXiK3GL67CRBNjpo4PA&alloy=red-585
96384,"GLAMIRA - Your Online Shop for Gold, Diamond and Wedding Jewellery",https://www.glamira.com.ua/white-fay-10-mm.html?stone=diamond-Zirconia&itm_source=recommendation&itm_medium=sorting&fbclid=IwAR156U2jR84NiDlLf77HiBD22qYFTEyk2-SqrJ9z4pk2rMNjj7_Ui_eZKmg&alloy=red_white-375
101364,Men's Ring Trennon,https://www.glamira.ie/glamira-ring-trennon.html?stone2=cabochon-Onyx&alloy=white-silber&keyword=&matchtype=&gclid=Cj0KCQjwlN32BRCCARIsADZ-J4ttelLdahVb7KAMI6pkMcSNOiS8f0GWnV4fnjdehG2RsGlKJikfBWMaAk3PEALw_wcB
102966,GLAMIRA Nose Pin Apulia,https://www.glamira.ie/glamira-nose-pin-apulia.html?keyword&matchtype&fbclid=IwAR1hPSA0S3VULu_JoKCiDAza1c_ov8dIuVsE58uNAgcr8b-ENigSDxjRyY0
104609,Women's Pendant Gabrianna,https://www.glamira.ie/glamira-pendant-gabrianna.html?keyword&matchtype&fbclid=IwAR0wS5mRxdE54lNUz5FBQolwtqS8K1Z22Veh3-ics95zvPLYELZJxAoPsjg
96742,GLAMIRA Necklace Petroli,https://www.glamira.ie/glamira-necklace-petroli.html?keyword&matchtype&fbclid=IwAR2p-MKp74ej2gMvt7U7T9TzpUac8SYwLvUKzBGNvVT8WvLmJtPLbKGOPW0
109821,Women's Pendant Acalpha,https://www.glamira.ie/glamira-pendant-acalpha.html?alloy=white-silber&itm_source=recommendation&itm_medium=sorting&diamond=rose-quartz&stone3=diamond-sapphire&stone2=diamond-sapphire
103143,Engagement Ring Inabelle,https://www.glamira.ie/glamira-ring-inabelle.html?alloy=white-585&diamond=sapphire&stone2=diamond-sapphire&itm_source=recommendation&itm_medium=sorting
103117,Engagement Ring Arliyah,https://www.glamira.ie/glamira-ring-arliyah.html?stone2=diamond-sapphire&alloy=yellow-585&diamond=ruby&keyword=&matchtype=&gclid=EAIaIQobChMIrP7dw7XD6QIVNVsVCB1LmAZJEAEYASABEgJk1PD_BwE
102698,"GLAMIRA - Your Online Shop for Gold, Diamond and Wedding Jewellery",https://www.glamira.com.ua/glamira-earring-kaydlin-8-mm.html?fbclid=IwAR0tJ2LAbI216O0CwYwLABTWvK0Qv4SbV8ytRdrtk34_kXezxAd__ih2uM8
109457,Women's Pendant Birute,https://www.glamira.ie/glamira-pendant-birute.html?keyword&matchtype&fbclid=IwAR2ZjQhSYUAI8fe96JpEHm8ycCxt3qweA9kwUE8xiHeMMUG7NR1Mfdx7qGk
99715,"GLAMIRA - Your Online Shop for Gold, Diamond and Wedding Jewellery",https://www.glamira.com.ua/herrenring-noble-spark-8-mm.html?fbclid=IwAR32hBCBRrQdcSXxbb0JQ_ZjrIycbu1LQ6t22RrQW1GaXBldz56WjgjTArs&alloy=white-palladium
109863,"GLAMIRA - Your Online Shop for Gold, Diamond and Wedding Jewellery",https://www.glamira.com.ua/glamira-earring-mahsa.html?fbclid=IwAR0GM4v8Xyqs_i9eQqXFh1c_9E944PuXj6pMtECNQSEac1zAiv8_Ycy7TM0
101704,"GLAMIRA - Your Online Shop for Gold, Diamond and Wedding Jewellery",https://www.glamira.com.ua/glamira-kids-chandris.html?fbclid=IwAR0uSzeaBsNo1ynx6YG1ac7j25Rt5KW4L-ubhzE1xBfB2uAsRJSG90OBjhU
97238,"GLAMIRA - Your Online Shop for Gold, Diamond and Wedding Jewellery",https://www.glamira.com.ua/amazing-grace-10mm.html?fbclid=IwAR3WB7_pi8hNyDqBbEcoVn7AFWSE5ikinA9t3OkSgxsbaZFFQF1q1o-BHoA&alloy=red_white-375
100722,"GLAMIRA - Your Online Shop for Gold, Diamond and Wedding Jewellery",https://www.glamira.com.ua/glamira-kids-hemta.html?fbclid=IwAR0853fx77bJ1OZwbcaBsKBYtHeN_fLjVQIzK7sx77p6RwFJ3IMK5lBf34Y
104665,Women's Wedding Ring Pure Valentine 6 mm,https://www.glamira.ie/womens-ring-pure-valentine-6-mm.html?alloy=red-585&keyword=&matchtype=&gclid=Cj0KCQjwlN32BRCCARIsADZ-J4vmRDEw8zmQyO_BlP9_VzYJj5zNd-eqgX90Gs5B23Y5Piz05zkG2gsaAvOREALw_wcB
109623,Women's Pendant Gulya,https://www.glamira.ie/glamira-pendant-gulya.html?keyword&matchtype&fbclid=IwAR1NJijifRQnbmZxm_ge_mN3E_-fJfqx25BlDqn1mmQpUqkUkB4291M-vJc
100614,Kid's Earring Catalana,https://www.glamira.ie/glamira-kids-catalana.html?alloy=white-585&keyword=&matchtype=&gclid=Cj0KCQjwlN32BRCCARIsADZ-J4sKCJ356JQnwlgeF8RLxlZCoNhoMl_x02LZf8gU_lvfy4rkYnTyKnoaAp61EALw_wcB
89581,Dây chuyền nữ Camellia,https://www.glamira.vn/day-chuyen-glamira-camellia.html?alloy=yellow-750&diamond=amethyst&stone2=diamond-sapphire&itm_source=recommendation&itm_medium=sorting
95513,GLAMIRA Ring Dalia,https://www.glamira.ie/glamira-ring-dalia.html?alloy=red-375&diamond=diamond-sapphire&stone2=diamond-Brillant
95527,Nhẫn GLAMIRA Lobata,https://www.glamira.vn/nhan-glamira-lobata.html?stone2=diamond-Brillant&alloy=white_yellow-585&diamond=diamond-Brillant&gclid=EAIaIQobChMIyI7o9pnm6QIVBDWWCh2njQ2QEAEYASAEEgJ3xvD_BwE
101483,Women's Earring Addelinda 12 mm,https://www.glamira.ie/glamira-earring-addelinda-12-mm.html?alloy=white-585&diamond=tanzanite&stone2=diamond-Brillant&itm_source=recommendation&itm_medium=sorting
94919,"GLAMIRA - Your Online Shop for Gold, Diamond and Wedding Jewellery",https://www.glamira.com.ua/charming-note-6mm.html?stone=diamond-Brillant&itm_source=recommendation&itm_medium=sorting&fbclid=IwAR2jYvMBFboofeD8JHwe9eDRB3to_hcKMJaivQgeq9kDDzvPR-J2CELpZNk&alloy=yellow-375
103024,"GLAMIRA - Your Online Shop for Gold, Diamond and Wedding Jewellery",https://www.glamira.com.ua/glamira-anklet-anstace.html?fbclid=IwAR3c9vg8Iv9IMU8Qd6QGbFC_ePl3F2V27eEDCBJZAcmTMxPa3EVZXtFyj_g
109212,Nhẫn Nam Magic Truth 10 mm,https://www.glamira.vn/nhan-nam-magic-truth-10-mm.html?alloy=white-585&gclid=Cj0KCQjwlN32BRCCARIsADZ-J4vRS1PWgz4dyjvN7iIsl2ANtg8MRmGbRrysLEkJ1kMaNjUy25Y2B6saAlM0EALw_wcB
91757,"GLAMIRA - Your Online Shop for Gold, Diamond and Wedding Jewellery",https://www.glamira.com.ua/glamira-ring-oyster.html?fbclid=IwAR3imwjSXtDyfhLHyyZNJeM-awTxWhBPOk9iVjUBwWg0NXX0zg4e_AxF1ro
94983,Nhẫn cưới nữ White Daisy 6mm,https://www.glamira.vn/nhan-nu-white-daisy-6mm.html?alloy=yellow-750&gclid=EAIaIQobChMI4ozvqZTm6QIVLdWWCh1X_wOPEAQYAiABEgIuk_D_BwE
99860,"GLAMIRA - Your Online Shop for Gold, Diamond and Wedding Jewellery",https://www.glamira.com.ua/glamira-earring-tului.html?itm_source=recommendation&itm_medium=sorting&fbclid=IwAR3QB0v5RzZuMmbm0kU_KsWCRkSxMedmSYVLIayfXO1T0UMvCQCJsQtMhZ4
101199,Nhẫn Nam Authentic Star 10 mm,https://www.glamira.vn/nhan-nam-authentic-star-10-mm.html?alloy=white-silber&gclid=EAIaIQobChMIi6Gmxo7m6QIVBldgCh1EmAPkEAQYASABEgLw9fD_BwE
98839,"GLAMIRA - Your Online Shop for Gold, Diamond and Wedding Jewellery",https://www.glamira.com.ua/bright-queen-6-mm.html?alloy=white_red-585&stone=diamond-Zirconia&itm_source=recommendation&itm_medium=sorting
93473,Nhẫn Nam Classic Day 9 mm,https://www.glamira.vn/nhan-nam-classic-day-9-mm.html?alloy=yellow-375&itm_source=recommendation&itm_medium=detail
108787,Nhẫn cưới Magic Truth 5 mm,https://www.glamira.vn/magic-truth-5-mm.html?alloy=white-585&gclid=Cj0KCQjwlN32BRCCARIsADZ-J4tjCJbGTC6cxy3YtLqLnpWVgqeYLCXOeJBCurXUOQoYlRl_xFc83TYaAlqSEALw_wcB
109895,Women's Necklace Herlighet,https://www.glamira.ie/glamira-pendant-herlighet.html?itm_source=recommendation&itm_medium=detail&alloy=red-375&diamond=bluediamond&stone2=blackdiamond
105863,"GLAMIRA - Your Online Shop for Gold, Diamond and Wedding Jewellery",https://www.glamira.com.ua/damenring-unique-serenity-5-mm.html?fbclid=IwAR1OH_o0LfNv4U6qyQD7sZVmXF7CZ2sPSytcGv85JXEnFlkpVhn7w4Ey3-4&alloy=red-585
100548,"GLAMIRA - Your Online Shop for Gold, Diamond and Wedding Jewellery",https://www.glamira.com.ua/glamira-cufflink-thole.html?fbclid=IwAR1Eu7NFon1dqYVsCL57OKwCR-ExvunzLCpLnUZoKdnkY_-nhhDPMLuGh-s
107025,Nhẫn Nữ Glittering Elegance 10 mm,https://www.glamira.vn/nhan-nu-glittering-elegance-10-mm.html?alloy=red-585&gclid=EAIaIQobChMIoJWq4sPl6QIV6B-tBh3oyAuFEAQYBCABEgJJ_PD_BwE
96251,Nhẫn cưới nữ Pure Beauty 6 mm,https://www.glamira.vn/nhan-nu-pure-beauty-6-mm.html?alloy=white_red-375&gclid=Cj0KCQjwlN32BRCCARIsADZ-J4udGkPEAvH_U72kU-2RWbiLyCSCZP0Ukm3U3BbETCWuH4Q0nWb-dVcaAv9_EALw_wcB
100846,Kid's Pendant Muddy,https://www.glamira.ie/glamira-kids-muddy.html?alloy=white-585&keyword=&matchtype=&gclid=EAIaIQobChMInJm288XW6QIVXGgVCB20MggfEAEYASAFEgJxVvD_BwE
101978,GLAMIRA Ring Lometa,https://www.glamira.ie/glamira-ring-lometa.html?alloy=yellow-585&diamond=diamond-Swarovsky&stone2=diamond-Brillant&itm_source=recommendation&itm_medium=detail
103037,Women's Anklet Wintania,https://www.glamira.ie/glamira-anklet-wintania.html?alloy=yellow-375&diamond=emerald&itm_source=recommendation&itm_medium=detail
100490,Cufflink Adicus,https://www.glamira.ie/glamira-cufflink-adicus.html?alloy=white_yellow-375&itm_source=recommendation&itm_medium=detail&diamond=diamond-Swarovsky
100539,Cufflink Zeckiel,https://www.glamira.ie/glamira-cufflink-zeckiel.html?alloy=white_yellow-375&diamond=blackdiamond
100566,Cufflink Arius,https://www.glamira.ie/glamira-cufflink-arius.html?fbclid=IwAR0tzVNBrLMTJwCrmgXJHyOWmjQlI8mHBLWLLN-5QFHRi3xV8-fa3cAD4mI
100886,Kid's Pendant Tinaroo,https://www.glamira.ie/glamira-kids-tinaroo.html?alloy=white-585&keyword=&matchtype=&gclid=CjwKCAjw8df2BRA3EiwAvfZWaEU3HHJ35OMpFk840v3IjccVuvWfsBbuehlyXSVff4zk9FqjiGt2zxoCiqgQAvD_BwE
85238,Nhẫn cưới nữ Bright Jewel,https://www.glamira.vn/nhan-nu-bright-jewel-skue1554-002.html?alloy=white-585&gclid=EAIaIQobChMIi-_wk7vl6QIVFZ_CCh3dgwRyEAkYASABEgKu5fD_BwE
107292,Nhẫn cưới Amazing Lightning 5 mm,https://www.glamira.vn/amazing-lightning-5-mm.html?alloy=white-585&gclid=Cj0KCQjwlN32BRCCARIsADZ-J4tRy1AxWgJ_6SeQB_2t_1AFRiWK1DtGLLZBpY1Zqa1CdTdftiSj7BsaAkWkEALw_wcB
97653,GLAMIRA Pendant Nicoline,https://www.glamira.ie/glamira-pendant-nicoline.html?alloy=white-375&itm_source=recommendation&itm_medium=detail
96776,GLAMIRA Pendant Gotas,https://www.glamira.ie/glamira-pendant-gotas.html?alloy=white-375&itm_source=recommendation&itm_medium=viewall
96747,GLAMIRA Necklace Arco,https://www.glamira.ie/glamira-pendant-arco.html?alloy=white-silber&itm_source=recommendation&itm_medium=detail
98624,"GLAMIRA - Your Online Shop for Gold, Diamond and Wedding Jewellery",https://www.glamira.com.ua/sensual-cover.html?fbclid=IwAR3eKhuS_lrE_en1JsOLflPvcagJkU6gKuvKgZUNbk7DAW593sCxVzjLGok&alloy=white_yellow-585
96421,"GLAMIRA - Your Online Shop for Gold, Diamond and Wedding Jewellery",https://www.glamira.com.ua/white-magic-5-mm.html?fbclid=IwAR3icDgluRKj-5NsfB5PZZWRrgtXSBawaAvziqYo_b-vP6CgpaG2clFi2Hg&alloy=white_red-585
110224,Women's Bracelet Alicia,https://www.glamira.ie/glamira-bracelet-alicia.html?alloy=white-silber&leather=darkgreen&itm_source=recommendation&itm_medium=sorting&diamond=pinkdiamond
90328,Women's Earring Danube,https://www.glamira.ie/glamira-earring-danube.html?alloy=white-585&diamond=diamond-Brillant&itm_source=recommendation&itm_medium=sorting
107066,Nhẫn cưới Attractive Style 6 mm,https://www.glamira.vn/attractive-style-6-mm.html?alloy=white-585&gclid=Cj0KCQjwlN32BRCCARIsADZ-J4uw2dlA9MDaEvaD1V0kvo2UdBpYmeli8UV1yimzZB89DtSYOUumacYaAigGEALw_wcB
97801,GLAMIRA Twist Pendant Zeus,https://www.glamira.ie/glamira-twist-pendant-zeus.html?fbclid=IwAR2-icBW3OBEZK5cbjsH6sfqquUicS9HcrjvaMeknTyEmim-zOdLY_5zH8w
97742,GLAMIRA Hoop Necklace Raisa,https://www.glamira.ie/glamira-hoop-pendant-raisa.html?fbclid=IwAR0rXekAGJqZuaT3ByByHxlzhvkS6d5-TCFswYracUAJ30597TZrxHGR9DM
104292,Women's Earring Lindy,https://www.glamira.ie/glamira-earring-lindy.html?alloy=white-585&diamond=diamond-Swarovsky&itm_source=recommendation&itm_medium=sorting
90268,Women's Pendant Plumeria,https://www.glamira.ie/glamira-necklace-plumeria.html?keyword&matchtype&fbclid=IwAR3-Ba5Kdg_ZnjcgfH62HDdb739k8toInCbjYm7XOpZMNMI4-dIqzf0PA5U
101163,Nhẫn cưới nữ Fever Noble 5 mm,https://www.glamira.vn/nhan-nu-fever-noble-5-mm.html?alloy=red_white-375
101091,Nhẫn cưới Fever Noble 5 mm,https://www.glamira.vn/fever-noble-5-mm.html?alloy=red_white-375&gclid=Cj0KCQjwlN32BRCCARIsADZ-J4spbbt2lMJ8MgtP9BwbNKehs-2ESbOEYXaagkURQyW23ZK1-XG0UuoaAisMEALw_wcB
105912,Universe Birth 8 mm,https://www.glamira.ie/universe-birth-8-mm.html?alloy=red-585&stone=diamond-Zirconia&itm_source=recommendation&itm_medium=sorting#main-mobile-menu
96424,Nhẫn cưới White Magic 6 mm,https://www.glamira.vn/white-macig-6-mm.html?alloy=white-375&gclid=Cj0KCQjwlN32BRCCARIsADZ-J4uJH81GUY6r_Kgjt07YQGlkqmXto28sx4FPhF9jGAgzRO_ewzkvFBwaAnoWEALw_wcB
93070,Nhẫn Nữ Classic Route 8 mm,https://www.glamira.vn/nhan-nu-classic-route-8-mm.html?alloy=red-585&gclid=Cj0KCQjwlN32BRCCARIsADZ-J4tAiJfPELWRep7X0nkoASNLRDAj6zke30BROfYIA5_g2gpab_WlPMwaAm7dEALw_wcB
93451,"GLAMIRA - Your Online Shop for Gold, Diamond and Wedding Jewellery",https://www.glamira.com.ua/mens-ring-classic-touch-8-mm.html?fbclid=IwAR12lyIqFZzCjNRHaGxaRrdfDYmPjMGqhQUBQZNJLuEjXPi8CJ7GwlpxehQ&alloy=red-585
93313,Women's Wedding Ring Classic Style,https://www.glamira.ie/womens-ring-classic-style.html?stone=diamond-Brillant&itm_source=recommendation&itm_medium=sorting&fbclid=IwAR2x9KYSSZ1PVjNniTwXCZDob1xOgvszkSRNyept53i74gz37A5aWXn3Bag&alloy=yellow-585
92804,Women's Wedding Ring Classic Fortune 5mm,https://www.glamira.ie/womens-ring-classic-fortune-5mm.html?stone=diamond-Brillant&itm_source=recommendation&itm_medium=sorting&alloy=yellow-750
97073,Nhẫn Nữ Serenity Freedom 10mm,https://www.glamira.vn/nhan-nu-serenity-freedom-10mm.html?alloy=white-750&gclid=CjwKCAjw8df2BRA3EiwAvfZWaNXJVQFaS40U5o5ZX1MWCOGT-jao1f_9shA2IZI52HsD1WHzzNcwCBoCCikQAvD_BwE
91763,"GLAMIRA - Your Online Shop for Gold, Diamond and Wedding Jewellery",https://www.glamira.com.ua/glamira-ring-perlina-10-mm.html?fbclid=IwAR0yAZKN-NvJnQ7_F3PBlZm449IJD4fAofCAmLeOoKfmArTCADcCBFVvTOo
103549,"GLAMIRA - Your Online Shop for Gold, Diamond and Wedding Jewellery",https://www.glamira.com.ua/glamira-ring-conettia.html?fbclid=IwAR31Z4S2fKRBne87ylbbM2NBsVJlCtAn_Xa5isTs5Y-4jVQnTfB6Qb71_4g
109001,Nhẫn cưới nữ Magic Truth 5 mm,https://www.glamira.vn/nhan-nu-magic-truth-5-mm.html?alloy=white-585
110107,"GLAMIRA - Your Online Shop for Gold, Diamond and Wedding Jewellery",https://www.glamira.com.ua/glamira-bracelet-edra.html?fbclid=IwAR3mE2btQuAYiL0HEXF-KGj-sUb9ggKXrDzX12GvZ03nj6_k_pGsv3hBCkY
109558,Bông tai nữ Kiersten,https://www.glamira.vn/glamira-earring-kiersten.html?alloy=white-585&stone2=diamond-Brillant&itm_source=recommendation&itm_medium=sorting&diamond=pinkdiamond
92777,Nhẫn Nam Classic Expression 8 mm,https://www.glamira.vn/nhan-nam-classic-expression-8-mm.html?alloy=white-silber&gclid=EAIaIQobChMI9Kjmscrk6QIVIZ_CCh3MowgzEAQYJyABEgLxL_D_BwE
92869,Nhẫn Nữ Classic Balance 9 mm,https://www.glamira.vn/nhan-nu-classic-balance-9-mm.html?alloy=yellow-585
106110,Nhẫn cưới nữ Great Blow 5 mm,https://www.glamira.vn/nhan-nu-great-blow-5-mm.html?alloy=yellow-585&stone=diamond-Zirconia
109178,Nhẫn cưới nữ Essential Dream 8 mm,https://www.glamira.vn/nhan-nu-essential-dream-8-mm.html?alloy=white-585&gclid=CjwKCAjw2a32BRBXEiwAUcugiHTJwyagfBIzYKk_8QY7fuzEk-JDCeD-WQecBOIN-4YIO8mA2XCwYBoCsiYQAvD_BwE
87727,Nhẫn cưới nữ Sense Energy,https://www.glamira.vn/nhan-nu-sense-energy.html?alloy=yellow-750
110618,Women's Pendant Gita,https://www.glamira.ie/glamira-pendant-gita.html?alloy=yellow-375&diamond=emerald&stone2=diamond-sapphire&itm_source=recommendation&itm_medium=detail
109475,Women's Pendant Evanthia,https://www.glamira.ie/glamira-pendant-evanthia.html?alloy=yellow-585&diamond=emerald&itm_source=recommendation&itm_medium=sorting
110599,Women's Pendant Eula,https://www.glamira.ie/glamira-pendant-eula.html?alloy=yellow-585&diamond=emerald&stone2=diamond-sapphire&itm_source=recommendation&itm_medium=sorting
99940,GLAMIRA Pendant Morena,https://www.glamira.ie/glamira-pendant-morena.html?alloy=red_white-585
102111,"GLAMIRA - Your Online Shop for Gold, Diamond and Wedding Jewellery",https://www.glamira.com.ua/glamira-bracelet-pootsie.html?fbclid=IwAR1YWPtCzyK71c9N-MXjBe_6idklcwegSgJcpmxsmeINCg4DPOQd34MBrM0
100175,Kid's Ring Chans,https://www.glamira.ie/glamira-kids-chans.html?alloy=white-375&keyword=&matchtype=&gclid=Cj0KCQjwn7j2BRDrARIsAHJkxmxpu0yUIwigw0dbYjMMbrlu05k3njsEaOcMRBnARnOkrDtouAJCvPMaAqqYEALw_wcB
98888,Women's Ring Bright Morning 8 mm,https://www.glamira.ie/womens-ring-bright-morning-8-mm.html?keyword&matchtype&fbclid=IwAR0lGBQhElXFTJaNcLzpf3iL7ZT9WdaPNzHoGuyIekFvIOgdg1amD8PN-28&alloy=white_yellow-585
90377,Women's Earring Moselle,https://www.glamira.ie/glamira-earring-moselle.html?itm_source=recommendation&itm_medium=sorting&fbclid=IwAR2TCjAiLNXpdvPi77hXJG6zXQpNwDMWj5hnyjK-93n7ubylOtjCVMm9SeE
109883,Women's Pendant Antea,https://www.glamira.ie/glamira-pendant-antea.html?stone2=diamond-Brillant&alloy=red-585&diamond=pink-tourmaline&keyword=&matchtype=&gclid=CjwKCAjwztL2BRATEiwAvnALcvlIFGo3t5T0vTW4ScSdM6TPDmm8mQEZwOCPK_B7-mq72vPXdNezSxoCYhYQAvD_BwE
103567,GLAMIRA Ring Eminta,https://www.glamira.ie/glamira-ring-eminta.html?stone3=diamond-Swarovsky&fbclid=IwAR2F8ZsM0q1RXinTtpq9ZWAR19xo_qIrnv19tlh1Mw3VvJIpRBf9Owvemzg
85123,Women's Wedding Ring Bright Charm,https://www.glamira.ie/womens-ring-bright-charm-skuc4908.html?alloy=white_yellow-750&keyword=&matchtype=&gclid=CjwKCAjw8df2BRA3EiwAvfZWaHnpoTuzmpMDE1jBZ0dDkHFS01ynRcrCf9xW9-a2K-MwuOkAynbDiBoCx1QQAvD_BwE
91087,Engagement Ring Clariss 0.25 crt,https://www.glamira.ie/glamira-ring-clariss-0.25-crt.html?fbclid=IwAR0v6wslqZUF0QVQiBSGK9FnIxRaMJxoMIn5Q1BUgFoZE168aV9nYCezw7k
106336,Women's Wedding Ring Gorgeous Image 8 mm,https://www.glamira.ie/womens-ring-gorgeous-image-8-mm.html?keyword&matchtype&fbclid=IwAR3Av080uK3f8bIs5li3T7EXYQVf7jSOIFdvL6IsuGBg4Q1PRFfd2g-mXrE&alloy=white-585
100736,Kid's Pendant Zaika,https://www.glamira.ie/glamira-kids-zaika.html?fbclid=IwAR0BfZm2xAkHcn0u6QUxa3Bc8mr7-yW4j5IHjm04Cdm9Nyd_-s6sVMyVdaE
102141,Men's Ring Silver Shine,https://www.glamira.ie/men-s-ring-silver-shine.html?keyword=&matchtype=&gclid=EAIaIQobChMIivO_u6jh6QIVAbTtCh1m2wygEAQYBCABEgIprfD_BwE
100594,Kid's Earring Arroz,https://www.glamira.ie/glamira-kids-arroz.html?alloy=red-585&keyword=&matchtype=&gclid=CjwKCAjw8df2BRA3EiwAvfZWaOwAqR7A2Iey4lwIbKhKdzv3_2aHHn6iJaMPEeE2qMCcYpLiRdlpxBoCMIkQAvD_BwE
96774,GLAMIRA Necklace Gemelo,https://www.glamira.ie/glamira-pendant-gemelo.html?keyword&matchtype&fbclid=IwAR0s1NVjWKQ5HDcVKpkkkmicB31khnmty0UC-3aO85aB0yP5NX8ydX7rhA0
107018,Nhẫn cưới nam Glittering Elegance 6 mm,https://www.glamira.vn/nhan-nam-glittering-elegance-6-mm.html?alloy=red-585&gclid=EAIaIQobChMI5Lz37J_j6QIVbNOWCh3mxwp7EAQYCyABEgKy3fD_BwE
95451,Wedding Ring Elegant Blaze 6mm,https://www.glamira.ie/elegant-blaze-6mm.html?stone=diamond-Brillant&fbclid=IwAR1iZPSV9uGxdWP5pz4GXvEiNUmYhHluD3lwJh5oMPkMa9VnAK7OoEXLMOc&alloy=red_white-750
105095,"GLAMIRA - Your Online Shop for Gold, Diamond and Wedding Jewellery",https://www.glamira.com.ua/noble-silk-8-mm.html?alloy=white-platin&stone=diamond-Zirconia&itm_source=recommendation&itm_medium=sorting
99660,Nhẫn cưới nữ Mystic Darling 8 mm,https://www.glamira.vn/nhan-nu-mystic-darling-8-mm.html?alloy=red-585&gclid=EAIaIQobChMItqrC_eji6QIV2N28Ch3XNQqJEAEYASABEgJFifD_BwE
98110,Bông tai nữ Sisam,https://www.glamira.vn/bong-tai-glamira-sisam.html?alloy=white_red-585&diamond=diamond-Brillant&stone2=diamond-Brillant&itm_source=recommendation&itm_medium=sorting
107146,Women's Wedding Ring Unique Hole 6 mm,https://www.glamira.ie/womens-ring-unique-hole-6-mm.html?alloy=white-silber&keyword&matchtype&gclid=EAIaIQobChMIjrnV8dzi6QIVI14VCB1RBAb6EAEYASACEgJ_lvD_BwE&fbclid=IwAR3HYvBOFzj30IhI61zCnCjkrg6bfBOWT7iHUswDKJhOPxwvDOU7__nwK6o
99201,Nhẫn cưới nam Embrace Burn 6 mm,https://www.glamira.vn/nhan-nam-embrace-burn-6-mm.html?alloy=yellow_white-375&gclid=CjwKCAjw8df2BRA3EiwAvfZWaD9nbehM_0OSYhLxiqpiSOfZguBqRW9yFoeE0QeLAU-lMGqfZFOzNRoC-JgQAvD_BwE
105385,Nhẫn Nữ Pure Charm 10 mm,https://www.glamira.vn/nhan-nu-pure-charm-10-mm.html?alloy=red-585&gclid=EAIaIQobChMI2czZg8zi6QIVBqqWCh0f3gm2EAQYASABEgIA7_D_BwE
90708,Women's ring Unvarnished Well,https://www.glamira.ie/womens-ring-unvarnished-well.html?keyword&matchtype&fbclid=IwAR04Ado7Obu_87coT4bf4vAFZKkk_0jPaLzJo10h0qt5223gq0hjn8Uf_PA&alloy=white_yellow-585
92626,Women's ring Classic Unity 9mm,https://www.glamira.ie/womens-ring-classic-unity-9mm.html?keyword&matchtype&fbclid=IwAR1p-K_vsENLyrpYr7Q-6nCHURyUQOcCSimhCMcTQjru324fE_HBN95kbyM&alloy=red-375
93266,Nhẫn Nữ Classic Destiny 9mm,https://www.glamira.vn/nhan-nu-classic-destiny-9mm.html?alloy=white-silber&gclid=CjwKCAjwztL2BRATEiwAvnALcuIClCEL9zjbP_V4Sozsr5_ug75yp8HP0qHk2PvqHi3FEuUlW1WQQRoCzCsQAvD_BwE
111234,Nhẫn Nam Confident Earth 10 mm,https://www.glamira.vn/herrenring-confident-earth-10-mm.html?alloy=white-platin
106174,Nhẫn Nữ Glamour Love 8 mm,https://www.glamira.vn/nhan-nu-glamour-love-8-mm.html?alloy=red-585
106171,Glamour Love 8 mm,https://www.glamira.vn/glamour-love-8-mm.html?alloy=red-585&gclid=CjwKCAjwztL2BRATEiwAvnALcqrunnBH5xPMVWpmJ2wFFYkwQUvSOnZ_zx19JHbVm8OI_CemGPqoqxoCe9sQAvD_BwE
106556,Nhẫn Nam Charming Queen 8 mm,https://www.glamira.vn/nhan-nam-charming-queen-8-mm.html?alloy=red-585&gclid=CjwKCAjwztL2BRATEiwAvnALcrYmyCyLjgr9iDqgXEgxlDEChdFOPaWJ7psCPxW6_w3MR28ahCkPchoCFOkQAvD_BwE
105245,Nhẫn cưới nam Precious Star 4 mm,https://www.glamira.vn/nhan-nam-precious-star-4-mm.html?alloy=yellow-375&gclid=CjwKCAjwztL2BRATEiwAvnALchbX-_32YTkzDz9Yb0mVesZQm92kVlJOLbHSIB_JgQI_6IFu3gFIcRoC1ScQAvD_BwE
109365,Nhẫn cưới nam Essential Luck 6 mm,https://www.glamira.vn/nhan-nam-essential-luck-6-mm.html?alloy=white-585
109366,Nhẫn cưới nam Essential Luck 8 mm,https://www.glamira.vn/nhan-nam-essential-luck-8-mm.html?alloy=white-585
109363,Nhẫn Nam Essential Luck 10 mm,https://www.glamira.vn/nhan-nam-essential-luck-10-mm.html?alloy=white-585
106218,Men's Ring Glorious Touch 10 mm,https://www.glamira.ie/men-s-ring-glorious-touch-10-mm.html?itm_source=recommendation&itm_medium=sorting&fbclid=IwAR17ojdQAUHW3kQ81VeYwYXR1Uw8fIZLkgE6mubzgnIlGAhPF1Z9E9L1ytU&alloy=red-585
106208,Men's Wedding Ring Glorious Touch 6 mm,https://www.glamira.ie/men-s-ring-glorious-touch-6-mm.html?fbclid=IwAR1DuysmZfoNWT7KD1GFkHR9qxZBRFiaPMdc6puX6z2wISMPAkgij9ebDrM&alloy=red-585
107250,Nhẫn cưới Adore Valid 5 mm,https://www.glamira.vn/adore-valid-5-mm.html?alloy=white-585&gclid=CjwKCAjwtqj2BRBYEiwAqfzur-LvFXUehuLq5JstadY7xBSYSPV-yKs0BkUCu6tLp4ONIGrfDr5OYBoCOssQAvD_BwE
105668,Men's Wedding Ring Splendid Life 5 mm,https://www.glamira.ie/men-s-ring-splendid-life-5-mm.html?itm_source=recommendation&itm_medium=sorting&fbclid=IwAR0J_Cvxnb3qB5bu8VKuMbIJenf7cENuJpS-WkLdbiM2tbbkY8F24H6c67w&alloy=red-585
87283,"GLAMIRA - Your Online Shop for Gold, Diamond and Wedding Jewellery",https://www.glamira.com.ua/mens-ring-great-round.html?fbclid=IwAR03GhLyu_i38vjBHmM1MB-e5ixC-btO62NPThnpo2aMgR5gi57MgnAJU7g&alloy=white_yellow-375
94799,Women's Wedding Ring Alluring Intention 6mm,https://www.glamira.ie/womens-ring-alluring-intention-6mm.html?fbclid=IwAR2Y-VwJCcs4A3mrPv8uvCs9sSS4dBd9hIM4Dh2myXY4XtJIyy1UU3nHR44&alloy=white_yellow-375
94921,Nhẫn Nam Charming Note 8mm,https://www.glamira.vn/nhan-nam-charming-note-8mm.html?alloy=white-silber&gclid=CjwKCAjwztL2BRATEiwAvnALclUhxe3l8xv8hwrMRIOm2fAqfqUiXTJqHnEViO3JHQXG-Y_w9QXO0RoCaW4QAvD_BwE
104771,Men's Ring Sense Tear 8 mm,https://www.glamira.ie/men-s-ring-sense-tear-8-mm.html?itm_source=recommendation&itm_medium=sorting&fbclid=IwAR2NTC4kCq1KJ8cgy2LfnGag9qaa5NKaCZyPg4iSlXSQ4BmpkXi8bzvFVzQ&alloy=red-585
104989,Men's Wedding Ring Glorious Sign 5 mm,https://www.glamira.ie/men-s-ring-glorious-sign-5-mm.html?fbclid=IwAR0TRLSo2e7CxHe3fUlRP2c9m9VdTbwI_aBL7MW6qoSRd_ksxVXfMeiH46Q&alloy=red-585
100762,Mặt dây chuyền trẻ em Kiliyur,https://www.glamira.vn/glamira-kids-kiliyur.html?alloy=white_yellow-750
100628,Kid's Earring Dariole,https://www.glamira.ie/glamira-kids-dariole.html?keyword&matchtype&fbclid=IwAR1R4tOa2sHYw58lVgxXjpUEB3Q1fmXxR-MprS_Z3on8aZ10Tv4CuU_Pako
111102,Nhẫn cưới nữ Confident Night 6 mm,https://www.glamira.vn/damenring-confident-night-6-mm.html?alloy=white-375&stone=diamond-Zirconia
106596,Women's Wedding Ring Elegant Expression 6 mm,https://www.glamira.ie/womens-ring-elegant-expression-6-mm.html?stone=bluediamond&fbclid=IwAR0RENufJaL9y1DAK-y8S36spLPykHo-YjaG9RItaf8pSpmq71qMG0t64mI&alloy=red-585
106592,Nhẫn Nam Dynamic Passion 10 mm,https://www.glamira.vn/nhan-nam-dynamic-passion-10-mm.html?alloy=red-585&gclid=EAIaIQobChMIyZT1wsff6QIVGLeWCh1g-gvpEAQYAiABEgK9HvD_BwE
105706,Nhẫn Nữ Splendid Spring 8 mm,https://www.glamira.vn/nhan-nu-splendid-spring-8-mm.html?alloy=red-585&gclid=EAIaIQobChMI7vLO2ezg6QIVTyQrCh2RFgO6EAQYAiABEgLPavD_BwE
108896,Wedding Ring Magic Step 5 mm,https://www.glamira.ie/magic-step-5-mm.html?keyword&matchtype&fbclid=IwAR3uPZayN6iUkpEkDao7WnhUNrkKW0DvqBuv7tC1jdrPYW9g6WLmFGEIdtE&alloy=white-585
98287,Kid's Pendant Valencia,https://www.glamira.ie/glamira-pendant-valencia.html?fbclid=IwAR2Q7aarfqZeWwyMPfTcPiGUwuoUaJoMJMwzn28HmgceSVoKl3h0KPLKxrk
102097,Kid's Bracelet Fernie,https://www.glamira.ie/glamira-bracelet-fernie.html?fbclid=IwAR0xrKXD7CkQykdzaiwh8QfWPBr8pX6n4OwlzzitigB3s9aY9AxX0SrThOs
105622,Nhẫn cưới Splendid Future 5 mm,https://www.glamira.vn/splendid-future-5-mm.html?alloy=red-585&gclid=EAIaIQobChMI8peM3dbg6QIV-kgVCB3LDgAqEAEYASABEgJ6kfD_BwE
107836,Nhẫn cưới Charming Fever 6 mm,https://www.glamira.vn/charming-fever-6-mm.html?alloy=white-585&gclid=EAIaIQobChMIu92-1PnY6QIVyKqWCh1tJQirEAQYASABEgKnhvD_BwE
106914,Women's Ring Golden Love 8 mm,https://www.glamira.ie/womens-ring-golden-love-8-mm.html?keyword&matchtype&fbclid=IwAR28kDQCgLiG5i68kQrbK6fNyzlky15rzPHJi6QK7GS-gWrm2xunOUQdSqU&alloy=white-585
101410,GLAMIRA Knuckle Ring Genisa,https://www.glamira.ie/glamira-knuckle-ring-genisa.html?fbclid=IwAR3p8odFKIRqWzgQUcYEaivFUwzEibjFx7yEG-9QhWNhQlo0gNZqQTaXp_0
106133,Nhẫn cưới Gorgeous Moment 5 mm,https://www.glamira.vn/gorgeous-moment-5-mm.html?alloy=yellow-585
105989,Nhẫn cưới nữ Wondrous Touch 5 mm,https://www.glamira.vn/nhan-nu-wondrous-touch-5-mm.html?alloy=white-375&stone=diamond-Zirconia&itm_source=recommendation&itm_medium=sorting
106126,Nhẫn cưới nam Great Blow 6 mm,https://www.glamira.vn/nhan-nam-great-blow-6-mm.html?alloy=yellow-585&itm_source=recommendation&itm_medium=detail
92249,GLAMIRA Ring Morisa 0.16 crt,https://www.glamira.ie/glamira-ring-morisa-0.16-crt.html?alloy=yellow-585&diamond=diamond-Brillant&stone2=diamond-Swarovsky
110827,GLAMIRA Pendant Carline L,https://www.glamira.ie/glamira-pendant-carline-l.html?fbclid=IwAR3bjyD_YqDZpbAdaZSA03A1p3Y1Lq_LZEolmKgQm3fo73nd2b568KAfLhc
102170,Women's ring Eternal Pleasure,https://www.glamira.ie/womens-ring-eternal-pleasure.html?keyword&matchtype&fbclid=IwAR3iV_p0I99gJpu7jDODthAh0F_A0-pam5wKGGqr3PeKDrZQetQh7aTOJ5w
97687,GLAMIRA Heart Necklace Phanes,https://www.glamira.ie/glamira-heart-pendant-phanes.html?alloy=white_red-585&fbclid=IwAR2UN4cci-1MSsxRIOvTyw0hOSDz3yUpxwyIjc_t-FrFiTVriRrVSYwmTOE
105398,Women's Ring Pure Swirl 10 mm,https://www.glamira.ie/womens-ring-pure-swirl-10-mm.html?stone=diamond-Zirconia&itm_source=recommendation&itm_medium=sorting&fbclid=IwAR2ceTXoEPhR_Ttgec2x8mjUyxZLuVMDcJe05j-o5_BrSUcxmqZeLU7Snic&alloy=red-585
105208,Women's Ring Gracious Life 10 mm,https://www.glamira.ie/womens-ring-gracious-life-10-mm.html?stone=diamond-Zirconia&fbclid=IwAR1bHDz8k3xAVehef-k6RlJ7x13uLaHGhW9DyUFjmWhlBeRULZTBZaaOR_4&alloy=red-585
105656,Women's Wedding Ring Perfect Love 8 mm,https://www.glamira.ie/womens-ring-perfect-love-8-mm.html?stone=diamond-Zirconia&itm_source=recommendation&itm_medium=sorting&fbclid=IwAR01oV3uMNWP7sRXrF9IpProoGNRC7rCLMgvmzzt3ssVL4wswr72-3NSw1s&alloy=red-585
93035,Women's ring Classic Thought 8 mm,https://www.glamira.ie/womens-ring-classic-thought-8-mm.html?keyword&matchtype&fbclid=IwAR3Fl0-FyL7BQA0L5xK2gg-CUANoz5he8HmUJ46_PyvjICBgk4Cxf42CZRE&alloy=red-585
99921,GLAMIRA Pendant Ferryn,https://www.glamira.ie/glamira-pendant-ferryn.html?keyword&matchtype&fbclid=IwAR1lpQVwE_FOSXTaLcoobeFHG-6GUyU4vAFBxgKo7gY_3RIiox2ZTvtqpRc
95603,Men's Ring Alluring Star 8 mm,https://www.glamira.ie/men-s-ring-alluring-star-8-mm.html?stone=none&fbclid=IwAR2R_6zKV-yjW2h5HXLYnDiBkQHH5unAHBlXXj718NG4ij5nYoLmF9ZBSyM&alloy=yellow-375
107258,Alluring Step 10 mm,https://www.glamira.ie/alluring-step-10-mm.html?fbclid=IwAR1TiRgstjk_X8wOvw8XSDYy5aF8TXgdv2yFGXomrMvOli84JUw-RWAV0KM&alloy=white-585
108106,Nhẫn cưới nữ Classic Fusion 6 mm,https://www.glamira.vn/nhan-nu-classic-fusion-6-mm.html?alloy=white-585
93116,Women's Wedding Ring Classic Touch 4 mm,https://www.glamira.ie/womens-ring-classic-touch-4-mm.html?stone=none&fbclid=IwAR3t2yzmqzdWr_8YEanaof36YvxQU_udhGEeoKylPtmMifRTq2XlseiXlfY&alloy=white-375
107998,Nhẫn cưới nữ Charming Life 5 mm,https://www.glamira.vn/nhan-nu-charming-life-5-mm.html?alloy=white-585&gclid=CjwKCAjwq832BRA5EiwACvCWsT8lHhAyR70NiI7H-RpbuwtS7Ttplk9i2QRTbrOpeNxajIqTvg0cjhoCGRwQAvD_BwE
94834,Men's Ring Amazing Miracle 8mm,https://www.glamira.ie/men-s-ring-amazing-miracle-8mm.html?fbclid=IwAR2XeKFINuFTAa59tK-Ped_rvvIFiv9CR2jaDot-gq8ZtptMRS8ukGzptfA&alloy=red-375
93434,Men's Ring Classic Route 8 mm,https://www.glamira.ie/mens-ring-classic-route-8-mm.html?keyword&matchtype&fbclid=IwAR15Y7klJxlICV6js9GltBybeuGdORTdR9XSNmvS4V-IRoMHy_wvIjywz_I&alloy=red-585
107993,Women's Wedding Ring Elegant World 4 mm,https://www.glamira.ie/womens-ring-elegant-world-4-mm.html?stone=diamond-sapphire&alloy=white-585
105350,Mystic Core 8 mm,https://www.glamira.ie/mystic-core-8-mm.html?stone=diamond-Zirconia&itm_source=recommendation&itm_medium=sorting&fbclid=IwAR2w9OHXGhPuCTURW52pkEyWdBobIRTjDjXXJGvfVAJTiuN9a3pfEB9iKE4&alloy=red-585
107781,Nhẫn cưới nữ Bright Touch 6 mm,https://www.glamira.vn/nhan-nu-bright-touch-6-mm.html?alloy=white-585
99464,Nhẫn Nam Infinite Fresh 10 mm,https://www.glamira.vn/nhan-nam-infinite-fresh-10-mm.html?alloy=yellow-585&gclid=CjwKCAjwq832BRA5EiwACvCWsRsseIqcjyPZ_6G4Yrpc7m2gwC8XVNniIGuj0s5pAO-sXMTZKpENthoCjv4QAvD_BwE
106686,Nhẫn Nữ Gorgeous Glory 10 mm,https://www.glamira.vn/nhan-nu-gorgeous-glory-10-mm.html?alloy=red-585&gclid=CjwKCAjwq832BRA5EiwACvCWsQeOHFu2zBXPYZiDASqVTj7rF6N78d7cV9YKT32CB0MowByNzetL8BoCl_0QAvD_BwE
110679,GLAMIRA Bracelet Jovan 20 cm,https://www.glamira.ie/glamira-bracelet-jovan-20-cm.html?fbclid=IwAR19mlPGx-Cb7H-RMlcazdVzWlUp8lYqvpMd7P6JWB_tJPW82V_-sj_mkWc
104991,Nhẫn cưới nam Glorious Sign 6 mm,https://www.glamira.vn/nhan-nam-glorious-sign-6-mm.html?alloy=red-585&gclid=EAIaIQobChMIoLCI3LTd6QIVQa6WCh3tIgMaEAQYASABEgLCKvD_BwE
107188,Nhẫn Nam Attractive Style 10 mm,https://www.glamira.vn/nhan-nam-attractive-style-10-mm.html?alloy=white-585&gclid=CjwKCAjwiMj2BRBFEiwAYfTbClnAq81-K4f0TCl3xqSCpQHEt2yhSQoHZPPAZt1zV40_j-nn8hq2GBoCve4QAvD_BwE
103699,Women's Wedding Ring Amazing Wicker 6 mm,https://www.glamira.ie/womens-ring-amazing-wicker-6-mm.html?stone=diamond-Brillant&itm_source=recommendation&itm_medium=sorting&fbclid=IwAR3mjvntvZmyrr2lWdZnf3KQCtShBKChHTEJskLrc7acazfIN00_-v3rtZQ&alloy=white-585
94947,Men's Ring Pure Saint 8mm,https://www.glamira.ie/men-s-ring-pure-saint-8mm.html?alloy=white_yellow-silber_375
108841,Wedding Ring Magic Key 8 mm,https://www.glamira.ie/magic-key-8-mm.html?keyword&matchtype&fbclid=IwAR0-Oq0pMFwBbsRdbRPhVFHtw0-dzlrebajK5Kq4Pt8-Li3zzQPpXq_w6Zk&alloy=red-585
102559,GLAMIRA Ring Duvessa,https://www.glamira.ie/glamira-ring-duvessa.html?fbclid=IwAR3g7OUf51oJqeCMwhP1hSA2esJZBOrY6MVkk_PnfhIjig4DZAI83uUuj_w
99867,Women's Pendant Flavien,https://www.glamira.ie/glamira-pendant-flavien.html?keyword&matchtype&fbclid=IwAR0IcbdFqy9sRIchprn9husspzKTn6PQu0xDWLrf9dCOY3wzLakpJCmF57Q
95930,"GLAMIRA - Your Online Shop for Gold, Diamond and Wedding Jewellery",https://www.glamira.com.ua/womens-ring-amazing-grace-10mm.html?fbclid=IwAR2fMAW2Zr4PKjsl6hZfULhYyKGIOaRiSNEjBc-tJHTp_YVwckbMQkrQdD8&alloy=red_white-375
107683,Women's Wedding Ring Alluring Emotion 8 mm,https://www.glamira.ie/womens-ring-alluring-emotion-8-mm.html?stone=diamond-Zirconia&itm_source=recommendation&itm_medium=sorting&fbclid=IwAR3fmFXpxC7qch2K5-43woHI34LF_iMRTztI-mqc2GSmBuP2Ppg2ZJhUchI&alloy=white-585
108172,Nhẫn Nam Charming Life 10 mm,https://www.glamira.vn/nhan-nam-charming-life-10-mm.html?alloy=white-585&gclid=EAIaIQobChMItrWqzq7a6QIVlK2WCh1A_w_tEAQYAiABEgLDpfD_BwE
100855,Kid's Pendant Panther,https://www.glamira.ie/glamira-kids-panther.html?alloy=white-585&keyword=&matchtype=&gclid=CjwKCAjw5cL2BRASEiwAENqAPmboYaDyCiCHY8Yh3581pUIdg6QyY28hv_AliTWlsrVUkrkGju00-xoCO_oQAvD_BwE
106245,Women's Wedding Ring Golden Dawn 5 mm,https://www.glamira.ie/womens-ring-golden-dawn-5-mm.html?stone=diamond-Zirconia&fbclid=IwAR3rVhsatR7n8Pc99TFUjTrLprG-uWUUezAOXK2LSR72ZhXUap5bdX6YYto&alloy=red-585
106680,Women's Wedding Ring Gorgeous Glory 6 mm,https://www.glamira.ie/womens-ring-gorgeous-glory-6-mm.html?fbclid=IwAR1QUzSF_KgLdwntfdYhmQZ9QUUEyTYBGr4PCzyNkGE219YACkbEZVzN3fk&alloy=red-585
91970,Women's Earring Livia Ø8 mm,https://www.glamira.ie/glamira-earring-livia-8-mm.html?fbclid=IwAR1w4rMvBkolahvr-pOt8PP4p8qndkXFpUMQ5-msMfHXtDJrhXhVwr6yr34
104842,Women's Wedding Ring Immortal Glow 5 mm,https://www.glamira.ie/womens-ring-immortal-glow-5-mm.html?alloy=white-silber&stone=ruby
102171,Men's Ring Eternal Pleasure,https://www.glamira.ie/men-s-ring-eternal-pleasure.html?keyword=&matchtype=&gclid=EAIaIQobChMIk7WNr-vW6QIVZWHmCh0cUgtJEAQYAyABEgKf_vD_BwE
104781,Nhẫn nữ Sense Beauty 8 mm,https://www.glamira.vn/nhan-nu-sense-beauty-8-mm.html?alloy=red-585&gclid=Cj0KCQjwwr32BRD4ARIsAAJNf_3JzZvUtpy64SrhMg5zefVP8EyNrfO8o4s7ISKkB2vROVB5NmqhsIcaApdUEALw_wcB
107164,Nhẫn cưới nữ Alluring Sassy 5 mm,https://www.glamira.vn/nhan-nu-alluring-sassy-5-mm.html?alloy=white-585&gclid=EAIaIQobChMIuoj5tdnW6QIVQjSWCh0LEgoHEAEYASABEgLcyPD_BwE
105362,Natural Alluring 8 mm,https://www.glamira.ie/natural-alluring-8-mm.html?fbclid=IwAR2_r_JCh3TjVsfaS7u1D71KzI5RZ0TwBruKXy7FY6p9B3Ty4xKg0MIFNhY&alloy=red-585
107034,Nhẫn cưới nữ Glorious Dream 6 mm,https://www.glamira.vn/nhan-nu-glorious-dream-6-mm.html?alloy=red-585&gclid=Cj0KCQjwwr32BRD4ARIsAAJNf_2yQ5uXazKTVuz-gV9i1hxpTPPGXa2Tlpbuv_eTMqk_KhJquhYyN-4aAriPEALw_wcB
105241,Nhẫn nữ Precious Star 8 mm,https://www.glamira.vn/nhan-nu-precious-star-8-mm.html?alloy=red-585&gclid=EAIaIQobChMI-aCgwr3W6QIVVJLmCh0TPwEwEAEYASAFEgIHAvD_BwE
108694,Mặt dây chuyền nữ Rivalen,https://www.glamira.vn/glamira-pendant-rivalen.html?alloy=white-585&diamond=aquamarine-cabochon&stone2=diamond-Swarovsky&stone3=diamond-Swarovsky
107813,Nhẫn Nam Bright Start 10 mm,https://www.glamira.vn/nhan-nam-bright-start-10-mm.html?alloy=white-585&gclid=Cj0KCQjwwr32BRD4ARIsAAJNf_0dzrqdQ5-93x9Imn0olM2HZnrKsQ0R5995cTtVrU4u5zKBWlJTk_4aAqVGEALw_wcB
105992,Nhẫn Nữ Wondrous Touch 10 mm,https://www.glamira.vn/nhan-nu-wondrous-touch-10-mm.html?alloy=red-585&gclid=Cj0KCQjwn7j2BRDrARIsAHJkxmyEUffEijvl_x1UWAp7jRdc-X6dPjOCVzp5Uh5KnJ5bQtYQK9cC8zcaApu9EALw_wcB
91805,GLAMIRA Ring Aleece Ø10 mm,https://www.glamira.ie/glamira-ring-aleece-10-mm.html?fbclid=IwAR2MDOGWxCUkTNrgQaCHqPvOuErUAsTQ7Qb09asNRzfkV8QvbZxNVI87IhM
98214,Women's Wedding Ring Unique Feeling 6 mm,https://www.glamira.ie/womens-ring-unique-feeling-6-mm.html?stone=diamond-Brillant&itm_source=recommendation&itm_medium=sorting&fbclid=IwAR3CmA-yDeH5tfVCkq3jaU03BrXMROe04RIFPq3gh7Uu4kRvJxKSNl7EsnY&alloy=white_red-585
96319,Smart Sentiment 8 mm,https://www.glamira.ie/smart-sentiment-8-mm.html?stone=diamond-Brillant&fbclid=IwAR0lAX5AM1y1a4hS1Y4TNjC7osQABEU3GvuUSRRAYryhdLEEG3YYEbEflz4&alloy=white-375
108268,Men's Wedding Ring Dynamic Plain 6 mm,https://www.glamira.ie/men-s-ring-dynamic-plain-6-mm.html?fbclid=IwAR3AVYVCuXX7xpKWxqNuqfleBfKyfwso0gl7WcpQSg-dKeN0Vkr_sfcxMY4&alloy=white-585
106312,Women's Wedding Ring Golden Sign 6 mm,https://www.glamira.ie/womens-ring-golden-sign-6-mm.html?alloy=white-silber
107224,Nhẫn cưới nam Alluring Sassy 5 mm,https://www.glamira.vn/nhan-nam-alluring-sassy-5-mm.html?alloy=white-585&gclid=EAIaIQobChMImtnlqoTU6QIVSEEVCB2AEQsEEAEYASACEgJyj_D_BwE
105438,Nhẫn Nữ Romantic View 10 mm,https://www.glamira.vn/nhan-nu-romantic-view-10-mm.html?alloy=red-585&gclid=Cj0KCQjwn7j2BRDrARIsAHJkxmwi8UXSMm507Pozem4PYduSUFkHpw3BNvyP_TAbxs_R3HGOFrgD6d0aAgsoEALw_wcB
107585,Nhẫn Nam Amazing Romance 10 mm,https://www.glamira.vn/nhan-nam-amazing-romance-10-mm.html?alloy=white-585&gclid=Cj0KCQjwn7j2BRDrARIsAHJkxmyxBqX8qDsIm7eE6OSLiZq0cCBxzWgOfDQwAh2hpKbaEMuGDaX6UVIaAqF0EALw_wcB
98877,Nhẫn Nữ Charming Kiss 10 mm,https://www.glamira.vn/nhan-nu-charming-kiss-10-mm.html?alloy=yellow-585&gclid=Cj0KCQjwn7j2BRDrARIsAHJkxmwqaVFR0j0f_AOYBD_m5eG0yNKoEiZyXvUk92JHd5y-OIsV--4BtA0aAiaSEALw_wcB
100648,Kid's Earring Jesuite,https://www.glamira.ie/glamira-kids-jesuite.html?fbclid=IwAR3TguelRrqNIKbRqSms8Tt-7uasiFK1_R5rp0ESaF1vdSow6Rwephf4Ejs
100798,Colgante para Niño Cielita,https://www.glamira.com.bo/glamira-kids-cielita.html
97650,GLAMIRA Bunch Pendant Catia,https://www.glamira.ie/glamira-bunch-pendant-catia.html?fbclid=IwAR063RAb24wrDifWa4oPOD6ALnBa-5dT0o1Xn4dcGm5ZjT3uIDu8eO88mxw
89246,Nhẫn cưới nam Infinite Sweet,https://www.glamira.vn/nhan-nam-infinite-sweet.html?alloy=white-750&gclid=EAIaIQobChMI1f_-sPXR6QIVD7aWCh1tQQqwEAQYASABEgL4d_D_BwE
106922,Nhẫn cưới nam Heavenly Cross 5 mm,https://www.glamira.vn/nhan-nam-heavenly-cross-5-mm.html?alloy=white-585&gclid=EAIaIQobChMI26_34NLR6QIVx3m9Ch0PlABQEAEYASABEgLJXvD_BwE
108205,Men's Wedding Ring Florid Cross 5 mm,https://www.glamira.ie/men-s-ring-florid--cross-5-mm.html?alloy=white-585&itm_source=recommendation&itm_medium=sorting
108315,Nhẫn Nam Attractive Glaze 8 mm,https://www.glamira.vn/nhan-nam-attractive-glaze-8-mm.html?alloy=white-585&gclid=EAIaIQobChMIk8Gpn6rR6QIVk6yWCh0d0Qz1EAQYASABEgIYBvD_BwE
109160,Women's Ring Essential Beauty 10 mm,https://www.glamira.ie/womens-ring-essential-beauty-10-mm.html?fbclid=IwAR29CMCrMs2nTLq9Vz85cFF556BdacXznoVeVlNgT9yotnBA7dhDMgZf5xM&alloy=white-585
100292,Nhẫn cưới nam Splendid Rose 8 mm,https://www.glamira.vn/nhan-nam-splendid-rose-8-mm.html?alloy=white_yellow-585&gclid=EAIaIQobChMIpcLeksHQ6QIVQ7OWCh2vzQe0EAEYASAFEgImvvD_BwE
102214,Eternal Princess,https://www.glamira.ie/eternal-princess.html?fbclid=IwAR134A28zL8tpOTf-hAxnoOEP2tX3wHxzjaIn-B0yJokbgVFRsCn0Dr2XR8
95811,Men's Ring Charming Summer 10mm,https://www.glamira.ie/men-s-ring-charming-summer-10mm.html?keyword&matchtype&fbclid=IwAR3hJlXyl94mT-xp_Aa-q2R5HMHBbAyWkNcfkvw_c_EkuPEgOw06kXdbEZU&alloy=red-375
99718,Men's Wedding Ring Noble Union 8 mm,https://www.glamira.ie/men-s-ring-noble-union-8-mm.html?fbclid=IwAR12J23FPMN4esIKM8W5OwETY-A4wtgSQprMtFz2hI4OXejBzidVdMNbXFE&alloy=white-585
105249,Nhẫn cưới nam Precious Star 6 mm,https://www.glamira.vn/nhan-nam-precious-star-6-mm.html?alloy=red-585&gclid=EAIaIQobChMIrpS3oqPP6QIVwwJcCh2DoA7EEAEYASACEgKwXfD_BwE
107745,Bright Start 10 mm,https://www.glamira.vn/bright-start-10-mm.html?alloy=white-585&gclid=EAIaIQobChMI0NWm05nP6QIV1aqWCh1lFgjTEAQYAiABEgL1hPD_BwE
107545,Nhẫn Nam Alluring Flame 10 mm,https://www.glamira.vn/nhan-nam-alluring-flame-10-mm.html?alloy=white-585&gclid=CjwKCAjw2a32BRBXEiwAUcugiDmPMyNwaYxgjP-c9KTWF3dkSqn9jq1wXAI4Sglngk_CcvLsQhbSQxoChl8QAvD_BwE
106560,Nhẫn Nữ Charming Queen 10 mm,https://www.glamira.vn/nhan-nu-charming-queen-10-mm.html?alloy=red-585&gclid=EAIaIQobChMIiuKl_6fM6QIVkKuWCh1vpA0-EAQYAiABEgJurfD_BwE
109189,Nhẫn Nữ Magic Choice 10 mm,https://www.glamira.vn/nhan-nu-magic-choice-10-mm.html?alloy=white-585&gclid=EAIaIQobChMI1IrjpIfM6QIVWDJgCh3NiQimEAEYASADEgIskPD_BwE
104997,Men's Ring Glorious Sign 10 mm,https://www.glamira.ie/men-s-ring-glorious-sign-10-mm.html?itm_source=recommendation&itm_medium=sorting&fbclid=IwAR2QqM0YmEgEBb4DVQShBu0Li0l267nZLExbTonPM-Gekbk9g3Gaw6xLZp4&alloy=red-585
108530,Nhẫn Nam Dynamic Story 10 mm,https://www.glamira.vn/nhan-nam-dynamic-story-10-mm.html?alloy=white-585&gclid=EAIaIQobChMIlZeNovvJ6QIVQamWCh3ISAlnEAQYAiABEgIeuPD_BwE
94937,Nhẫn Nam Exciting Surface 8mm,https://www.glamira.vn/nhan-nam-exciting-surface-8mm.html?alloy=white-375&gclid=EAIaIQobChMIpprYnNbJ6QIVjY68Ch37YAIcEAEYASAFEgIB4PD_BwE
109181,Nhẫn cưới nữ Essential Balance 6 mm,https://www.glamira.vn/nhan-nu-essential-balance-6-mm.html?alloy=white-585&gclid=EAIaIQobChMIxOj78f7G6QIVNsaWCh1NAwJIEAEYASACEgIVzvD_BwE
105890,Nhẫn cưới nữ Unique World 5 mm,https://www.glamira.vn/nhan-nu-unique-world-5-mm.html?alloy=red-585&gclid=EAIaIQobChMIyOjq2uXG6QIVtjS3AB32dQsBEAEYASAEEgKQNfD_BwE
108240,Anillo de hombre Exotic Air 10 mm,https://www.glamira.com.uy/anillo-de-hombre-exotic-air-10-mm.html?alloy=white-platin
100847,Kid's Pendant Muttnomah,https://www.glamira.ie/glamira-kids-muttnomah.html?alloy=white-585&keyword=&matchtype=&gclid=EAIaIQobChMItrrJnr2u6QIV1cDmCh1mOwQNEAEYASAGEgL6evD_BwE
100746,Kid's Pendant Delaneys,https://www.glamira.ie/glamira-kids-delaneys.html?keyword&matchtype&fbclid=IwAR2V8y_PSAB_2nMlhWUF94xQ6FSdLETJfah_M187aOlW7vZ7PpQVr3edJDI
100829,Kid's Pendant Lalitha,https://www.glamira.ie/glamira-kids-lalitha.html?keyword&matchtype&fbclid=IwAR2lOOyZMm_ePc-46fA7soOh2vanIxKxE8hPL6nLxWz3Zn-5EMXmtlxYK_8
105631,Women's Wedding Ring Splendid Future 5 mm,https://www.glamira.ie/womens-ring-splendid-future-5-mm.html?stone=diamond-Zirconia&fbclid=IwAR2S51XYvd4ZTjJz4CSY-Mz1P3jP5OTpH4ZnGZrz6OsEAv5H8Ardh3D3Qyk&alloy=red-585
105142,ALIŞVERİŞ SEPETİNİZ BOŞ,https://www.glamira.com.tr/checkout/cart/configure/id/2064684/?alloy=white_yellow-585
92542,Sonate,https://www.glamira.com.bo/sonate.html
